person;persName;birthYear
http://dbpedia.org/resource/Samuel_Colcord_Bartlett;Samuel Colcord Bartlett;1817
http://dbpedia.org/resource/Herbert_Spencer;Herbert Spencer;1820
http://dbpedia.org/resource/FrÇdÇric_Passy;FrÇdÇric Passy;1822
http://dbpedia.org/resource/Hodgson_Pratt;Hodgson Pratt;1824
http://dbpedia.org/resource/Henry_Dunant;Henry Dunant;1828
http://dbpedia.org/resource/Julian_Pauncefote,_1st_Baron_Pauncefote;Julian Pauncefote, 1st Baron Pauncefote;1828
http://dbpedia.org/resource/John_Westlake_(law_scholar);John Westlake (law scholar);1828
http://dbpedia.org/resource/Leo_Tolstoy;Leo Tolstoy;1828
http://dbpedia.org/resource/Auguste_Beernaert;Auguste Beernaert;1829
http://dbpedia.org/resource/Belva_Ann_Lockwood;Belva Ann Lockwood;1830
http://dbpedia.org/resource/Alfred_H._Love;Alfred H. Love;1830
http://dbpedia.org/resource/Johann_Martin_Schleyer;Johann Martin Schleyer;1831
http://dbpedia.org/resource/Ernesto_Teodoro_Moneta;Ernesto Teodoro Moneta;1833
http://dbpedia.org/resource/êlie_Ducommun;êlie Ducommun;1833
http://dbpedia.org/resource/Felix_Moscheles;Felix Moscheles;1833
http://dbpedia.org/resource/Priscilla_Hannah_Peckover;Priscilla Hannah Peckover;1833
http://dbpedia.org/resource/LÇon_Walras;LÇon Walras;1834
http://dbpedia.org/resource/Andrew_Carnegie;Andrew Carnegie;1835
http://dbpedia.org/resource/Fredrik_Bajer;Fredrik Bajer;1837
http://dbpedia.org/resource/Alexander_de_Savornin_Lohman;Alexander de Savornin Lohman;1837
http://dbpedia.org/resource/Tobias_Asser;Tobias Asser;1838
http://dbpedia.org/resource/John_Hay;John Hay;1838
http://dbpedia.org/resource/Shibusawa_Eiichi;Shibusawa Eiichi;1840
http://dbpedia.org/resource/Luigi_Luzzatti;Luigi Luzzatti;1841
http://dbpedia.org/resource/Ferdinand_Buisson;Ferdinand Buisson;1841
http://dbpedia.org/resource/Bartolo_Longo;Bartolo Longo;1841
http://dbpedia.org/resource/Paul_de_Smet_de_Naeyer;Paul de Smet de Naeyer;1843
http://dbpedia.org/resource/Louis_Renault_(jurist);Louis Renault (jurist);1843
http://dbpedia.org/resource/Charles_Albert_Gobat;Charles Albert Gobat;1843
http://dbpedia.org/resource/Bertha_von_Suttner;Bertha von Suttner;1843
http://dbpedia.org/resource/Klas_Pontus_Arnoldson;Klas Pontus Arnoldson;1844
http://dbpedia.org/resource/Enrico_Bignami;Enrico Bignami;1844
http://dbpedia.org/resource/Friedrich_Martens;Friedrich Martens;1845
http://dbpedia.org/resource/Elihu_Root;Elihu Root;1845
http://dbpedia.org/resource/JosÇ_Paranhos,_Baron_of_Rio_Branco;JosÇ Paranhos, Baron of Rio Branco;1845
http://dbpedia.org/resource/Charles_Wright_Macara;Charles Wright Macara;1845
http://dbpedia.org/resource/Albert_Apponyi;Albert Apponyi;1846
http://dbpedia.org/resource/Gregers_Gram_(1846?1929);Gregers Gram (1846?1929);1846
http://dbpedia.org/resource/Gregers_Gram_(1846?1929);Gregers Gram (politician);1846
http://dbpedia.org/resource/Benjamin_Franklin_Trueblood;Benjamin Franklin Trueblood;1847
http://dbpedia.org/resource/Annie_Besant;Annie Besant;1847
http://dbpedia.org/resource/Auguste_Forel;Auguste Forel;1848
http://dbpedia.org/resource/William_Osborne_McDowell;William Osborne McDowell;1848
http://dbpedia.org/resource/Sergei_Witte;Sergei Witte;1849
http://dbpedia.org/resource/W._T._Stead;W. T. Stead;1849
http://dbpedia.org/resource/Bernard_Loder;Bernard Loder;1849
http://dbpedia.org/resource/Charles_Richet;Charles Richet;1850
http://dbpedia.org/resource/LÇon_Bourgeois;LÇon Bourgeois;1851
http://dbpedia.org/resource/Ernest_Nys;Ernest Nys;1851
http://dbpedia.org/resource/DÇsirÇ-Joseph_Mercier;DÇsirÇ-Joseph Mercier;1851
http://dbpedia.org/resource/Maksim_Kovalevsky;Maksim Kovalevsky;1851
http://dbpedia.org/resource/David_Starr_Jordan;David Starr Jordan;1851
http://dbpedia.org/resource/Paul_Henri_Balluet_d'Estournelles_de_Constant;Paul Henri Balluet d'Estournelles de Constant;1852
http://dbpedia.org/resource/Pietro_Gasparri;Pietro Gasparri;1852
http://dbpedia.org/resource/Heinrich_Lammasch;Heinrich Lammasch;1853
http://dbpedia.org/resource/Gabriel_Hanotaux;Gabriel Hanotaux;1853
http://dbpedia.org/resource/Knut_Agathon_Wallenberg;Knut Agathon Wallenberg;1853
http://dbpedia.org/resource/Estanislao_Zeballos;Estanislao Zeballos;1854
http://dbpedia.org/resource/Pope_Benedict_XV;Pope Benedict XV;1854
http://dbpedia.org/resource/Karl_Kautsky;Karl Kautsky;1854
http://dbpedia.org/resource/Henri_La_Fontaine;Henri La Fontaine;1854
http://dbpedia.org/resource/Charles_Webster_Leadbeater;Charles Webster Leadbeater;1854
http://dbpedia.org/resource/Richard_Bartholdt;Richard Bartholdt;1855
http://dbpedia.org/resource/Caroline_RÇmy_de_Guebhard;Caroline RÇmy de Guebhard;1855
http://dbpedia.org/resource/Eugene_V._Debs;Eugene V. Debs;1855
http://dbpedia.org/resource/Nils_Claus_Ihlen;Nils Claus Ihlen;1855
http://dbpedia.org/resource/Woodrow_Wilson;Woodrow Wilson;1856
http://dbpedia.org/resource/Frank_B._Kellogg;Frank B. Kellogg;1856
http://dbpedia.org/resource/Lucia_Ames_Mead;Lucia Ames Mead;1856
http://dbpedia.org/resource/William_Howard_Taft;William Howard Taft;1857
http://dbpedia.org/resource/Ishbel_Hamilton-Gordon,_Marchioness_of_Aberdeen_and_Temair;Ishbel Hamilton-Gordon, Marchioness of Aberdeen and Temair;1857
http://dbpedia.org/resource/Pope_Pius_XI;Pope Pius XI;1857
http://dbpedia.org/resource/Robert_Stein_(explorer);Robert Stein (explorer);1857
http://dbpedia.org/resource/Theodore_Roosevelt;Theodore Roosevelt;1858
http://dbpedia.org/resource/Ludwig_Quidde;Ludwig Quidde;1858
http://dbpedia.org/resource/Luis_Mar°a_Drago;Luis Mar°a Drago;1859
http://dbpedia.org/resource/L._L._Zamenhof;L. L. Zamenhof;1859
http://dbpedia.org/resource/Carrie_Chapman_Catt;Carrie Chapman Catt;1859
http://dbpedia.org/resource/John_Bassett_Moore;John Bassett Moore;1860
http://dbpedia.org/resource/Henrietta_Szold;Henrietta Szold;1860
http://dbpedia.org/resource/Alfred_Ploetz;Alfred Ploetz;1860
http://dbpedia.org/resource/Jane_Addams;Jane Addams;1860
http://dbpedia.org/resource/Hjalmar_Branting;Hjalmar Branting;1860
http://dbpedia.org/resource/Fridtjof_Nansen;Fridtjof Nansen;1861
http://dbpedia.org/resource/Raoul_Dandurand;Raoul Dandurand;1861
http://dbpedia.org/resource/Herbert_J._Davenport;Herbert J. Davenport;1861
http://dbpedia.org/resource/Edward_Grey,_1st_Viscount_Grey_of_Fallodon;Edward Grey, 1st Viscount Grey of Fallodon;1862
http://dbpedia.org/resource/Charles_Evans_Hughes;Charles Evans Hughes;1862
http://dbpedia.org/resource/Milovan_Milovanovi?;Milovan Milovanovi?;1863
http://dbpedia.org/resource/Pierre_de_Coubertin;Pierre de Coubertin;1863
http://dbpedia.org/resource/Augusto_B._Legu°a;Augusto B. Legu°a;1863
http://dbpedia.org/resource/Austen_Chamberlain;Austen Chamberlain;1863
http://dbpedia.org/resource/Arthur_Henderson;Arthur Henderson;1863
http://dbpedia.org/resource/David_Lloyd_George;David Lloyd George;1863
http://dbpedia.org/resource/Robert_Cecil,_1st_Viscount_Cecil_of_Chelwood;Robert Cecil, 1st Viscount Cecil of Chelwood;1864
http://dbpedia.org/resource/Otfried_Nippold;Otfried Nippold;1864
http://dbpedia.org/resource/Alfred_Hermann_Fried;Alfred Hermann Fried;1864
http://dbpedia.org/resource/Paul_Hymans;Paul Hymans;1865
http://dbpedia.org/resource/Warren_G._Harding;Warren G. Harding;1865
http://dbpedia.org/resource/James_Chapple;James Chapple;1865
http://dbpedia.org/resource/John_Mott;John Mott;1865
http://dbpedia.org/resource/Antonio_S†nchez_de_Bustamante_y_Sirven;Antonio S†nchez de Bustamante y Sirven;1865
http://dbpedia.org/resource/Charles_G._Dawes;Charles G. Dawes;1865
http://dbpedia.org/resource/Natanael_Beskow;Natanael Beskow;1865
http://dbpedia.org/resource/Salmon_Levinson;Salmon Levinson;1865
http://dbpedia.org/resource/Gilbert_Murray;Gilbert Murray;1866
http://dbpedia.org/resource/Ramsay_MacDonald;Ramsay MacDonald;1866
http://dbpedia.org/resource/Andrey_Lyapchev;Andrey Lyapchev;1866
http://dbpedia.org/resource/Gustav_Adolf_Deissmann;Gustav Adolf Deissmann;1866
http://dbpedia.org/resource/Nathan_Sîderblom;Nathan Sîderblom;1866
http://dbpedia.org/resource/James_Brown_Scott;James Brown Scott;1866
http://dbpedia.org/resource/Emily_Greene_Balch;Emily Greene Balch;1867
http://dbpedia.org/resource/J¢zef_Pi?sudski;J¢zef Pi?sudski;1867
http://dbpedia.org/resource/Marie_Curie;Marie Curie;1867
http://dbpedia.org/resource/Hans_Driesch;Hans Driesch;1867
http://dbpedia.org/resource/Katharine_Glasier;Katharine Glasier;1867
http://dbpedia.org/resource/Paul_Harris_(Rotary);Paul Harris (Rotary);1868
http://dbpedia.org/resource/Anna_B._Eckstein;Anna B. Eckstein;1868
http://dbpedia.org/resource/ThÇodore_Eugäne_CÇsar_Ruyssen;ThÇodore Eugäne CÇsar Ruyssen;1868
http://dbpedia.org/resource/Harold_Harmsworth,_1st_Viscount_Rothermere;Harold Harmsworth, 1st Viscount Rothermere;1868
http://dbpedia.org/resource/Francesco_Saverio_Nitti;Francesco Saverio Nitti;1868
http://dbpedia.org/resource/Neville_Chamberlain;Neville Chamberlain;1869
http://dbpedia.org/resource/Mahatma_Gandhi;Mahatma Gandhi;1869
http://dbpedia.org/resource/Edward_Price_Bell;Edward Price Bell;1869
http://dbpedia.org/resource/Christian_Lous_Lange;Christian Lous Lange;1869
http://dbpedia.org/resource/Friedrich_Wilhelm_Foerster;Friedrich Wilhelm Foerster;1869
http://dbpedia.org/resource/Jan_Smuts;Jan Smuts;1870
http://dbpedia.org/resource/Karl_Renner;Karl Renner;1870
http://dbpedia.org/resource/Juho_Kusti_Paasikivi;Juho Kusti Paasikivi;1870
http://dbpedia.org/resource/Peter_Rochegune_Munch;Peter Rochegune Munch;1870
http://dbpedia.org/resource/Maria_Montessori;Maria Montessori;1870
http://dbpedia.org/resource/D._T._Suzuki;D. T. Suzuki;1870
http://dbpedia.org/resource/George_Saint-Paul;Georges Saint-Paul;1870
http://dbpedia.org/resource/George_Saint-Paul;George Saint-Paul;1870
http://dbpedia.org/resource/Louis_de_Brouckäre;Louis de Brouckäre;1870
http://dbpedia.org/resource/Guglielmo_Ferrero;Guglielmo Ferrero;1871
http://dbpedia.org/resource/Cordell_Hull;Cordell Hull;1871
http://dbpedia.org/resource/Giuseppe_Motta;Giuseppe Motta;1871
http://dbpedia.org/resource/Arthur_Griffith;Arthur Griffith;1871
http://dbpedia.org/resource/Norman_Angell;Norman Angell;1872
http://dbpedia.org/resource/êdouard_Herriot;êdouard Herriot;1872
http://dbpedia.org/resource/Bertrand_Russell;Bertrand Russell;1872
http://dbpedia.org/resource/Lionel_Curtis;Lionel Curtis;1872
http://dbpedia.org/resource/Alexandra_Kollontai;Alexandra Kollontai;1872
http://dbpedia.org/resource/Gabriel_Terra;Gabriel Terra;1873
http://dbpedia.org/resource/Jules_Rimet;Jules Rimet;1873
http://dbpedia.org/resource/E._D._Morel;E. D. Morel;1873
http://dbpedia.org/resource/Max_Reinhardt;Max Reinhardt;1873
http://dbpedia.org/resource/Joseph_Paul-Boncour;Joseph Paul-Boncour;1873
http://dbpedia.org/resource/William_Ernest_Hocking;William Ernest Hocking;1873
http://dbpedia.org/resource/Edgard_Milhaud;Edgard Milhaud;1873
http://dbpedia.org/resource/Herbert_Hoover;Herbert Hoover;1874
http://dbpedia.org/resource/Winston_Churchill;Winston Churchill;1874
http://dbpedia.org/resource/Nicholas_Roerich;Nicholas Roerich;1874
http://dbpedia.org/resource/StÇnio_Vincent;StÇnio Vincent;1874
http://dbpedia.org/resource/James_T._Shotwell;James T. Shotwell;1874
http://dbpedia.org/resource/Albert_Schweitzer;Albert Schweitzer;1875
http://dbpedia.org/resource/Pope_Pius_XII;Pope Pius XII;1876
http://dbpedia.org/resource/Maxim_Litvinov;Maxim Litvinov;1876
http://dbpedia.org/resource/Eglantyne_Jebb;Eglantyne Jebb;1876
http://dbpedia.org/resource/JosÇ_Gustavo_Guerrero;JosÇ Gustavo Guerrero;1876
http://dbpedia.org/resource/Pablo_Casals;Pablo Casals;1876
http://dbpedia.org/resource/J._H._Morgan;J. H. Morgan;1876
http://dbpedia.org/resource/Carlos_Ib†§ez_del_Campo;Carlos Ib†§ez del Campo;1877
http://dbpedia.org/resource/Rosika_Schwimmer;Rosika Schwimmer;1877
http://dbpedia.org/resource/Aga_Khan_III;Aga Khan III;1877
http://dbpedia.org/resource/Shigeru_Yoshida;Shigeru Yoshida;1878
http://dbpedia.org/resource/Frank_Buchman;Frank Buchman;1878
http://dbpedia.org/resource/Herbert_H._Lehman;Herbert H. Lehman;1878
http://dbpedia.org/resource/Gustav_Stresemann;Gustav Stresemann;1878
http://dbpedia.org/resource/Joseph_Stalin;Joseph Stalin;1878
http://dbpedia.org/resource/Carlos_Saavedra_Lamas;Carlos Saavedra Lamas;1878
http://dbpedia.org/resource/Arthur_Ernest_Morgan;Arthur Ernest Morgan;1878
http://dbpedia.org/resource/Pierre_CÇrÇsole;Pierre CÇrÇsole;1879
http://dbpedia.org/resource/Rafael_Erich;Rafael Erich;1879
http://dbpedia.org/resource/Alfred_Eckhard_Zimmern;Alfred Eckhard Zimmern;1879
http://dbpedia.org/resource/Margaret_Sanger;Margaret Sanger;1879
http://dbpedia.org/resource/Hans_Luther;Hans Luther;1879
http://dbpedia.org/resource/LÇon_Jouhaux;LÇon Jouhaux;1879
http://dbpedia.org/resource/Harry_Willis_Miller;Harry Willis Miller;1879
http://dbpedia.org/resource/Harry_Willis_Miller;Signs of the Times Publishing Association;1879
http://dbpedia.org/resource/Dick_Sheppard_(priest);Dick Sheppard (priest);1880
http://dbpedia.org/resource/Samuel_Hoare,_1st_Viscount_Templewood;Samuel Hoare, 1st Viscount Templewood;1880
http://dbpedia.org/resource/Helen_Keller;Helen Keller;1880
http://dbpedia.org/resource/John_Boyd_Orr;John Boyd Orr;1880
http://dbpedia.org/resource/Hans_Kelsen;Hans Kelsen;1881
http://dbpedia.org/resource/Giovanni_Papini;Giovanni Papini;1881
http://dbpedia.org/resource/Carl_Bonnevie;Carl Bonnevie;1881
http://dbpedia.org/resource/Robert_DebrÇ;Robert DebrÇ;1882
http://dbpedia.org/resource/Grenville_Clark;Grenville Clark;1882
http://dbpedia.org/resource/Franklin_D._Roosevelt;Franklin D. Roosevelt;1882
http://dbpedia.org/resource/Louis_St._Laurent;Louis St. Laurent;1882
http://dbpedia.org/resource/Joseph_Cardijn;Joseph Cardijn;1882
http://dbpedia.org/resource/Norman_Bentwich;Norman Bentwich;1883
http://dbpedia.org/resource/Cyrus_S._Eaton;Cyrus S. Eaton;1883
http://dbpedia.org/resource/John_Maynard_Keynes;John Maynard Keynes;1883
http://dbpedia.org/resource/Clement_Attlee;Clement Attlee;1883
http://dbpedia.org/resource/Pierre_Laval;Pierre Laval;1883
http://dbpedia.org/resource/Benito_Mussolini;Benito Mussolini;1883
http://dbpedia.org/resource/Stanley_Bruce;Stanley Bruce;1883
http://dbpedia.org/resource/Harry_S._Truman;Harry S. Truman;1884
http://dbpedia.org/resource/Norman_Thomas;Norman Thomas;1884
http://dbpedia.org/resource/Eleanor_Roosevelt;Eleanor Roosevelt;1884
http://dbpedia.org/resource/Zeth_Hîglund;Zeth Hîglund;1884
http://dbpedia.org/resource/Clement_Davies;Clement Davies;1884
http://dbpedia.org/resource/Edvard_Bene?;Edvard Bene?;1884
http://dbpedia.org/resource/Vincent_Auriol;Vincent Auriol;1884
http://dbpedia.org/resource/?smet_?nînÅ;?smet ?nînÅ;1884
http://dbpedia.org/resource/Frank_Laubach;Frank Laubach;1884
http://dbpedia.org/resource/C._J._Hambro;C. J. Hambro;1885
http://dbpedia.org/resource/Fritz_von_Unruh;Fritz von Unruh;1885
http://dbpedia.org/resource/Ernst_Bloch;Ernst Bloch;1885
http://dbpedia.org/resource/Kurt_Hahn;Kurt Hahn;1886
http://dbpedia.org/resource/ôsten_UndÇn;ôsten UndÇn;1886
http://dbpedia.org/resource/Salvador_de_Madariaga;Salvador de Madariaga;1886
http://dbpedia.org/resource/Raja_Mahendra_Pratap;Raja Mahendra Pratap;1886
http://dbpedia.org/resource/Abraham_Vereide;Abraham Vereide;1886
http://dbpedia.org/resource/Athenagoras_I_of_Constantinople;Athenagoras I of Constantinople;1886
http://dbpedia.org/resource/Manley_Ottmer_Hudson;Manley Ottmer Hudson;1886
http://dbpedia.org/resource/Frank_Porter_Graham;Frank Porter Graham;1886
http://dbpedia.org/resource/Paul_Dudley_White;Paul Dudley White;1886
http://dbpedia.org/resource/Ernest_Gruening;Ernest Gruening;1887
http://dbpedia.org/resource/Arnold_Zweig;Arnold Zweig;1887
http://dbpedia.org/resource/RenÇ_Cassin;RenÇ Cassin;1887
http://dbpedia.org/resource/B._N._Rau;B. N. Rau;1887
http://dbpedia.org/resource/Toyohiko_Kagawa;Toyohiko Kagawa;1888
http://dbpedia.org/resource/J¢zef_Retinger;J¢zef Retinger;1888
http://dbpedia.org/resource/Hans_Thirring;Hans Thirring;1888
http://dbpedia.org/resource/Yitzhak_HaLevi_Herzog;Yitzhak HaLevi Herzog;1888
http://dbpedia.org/resource/Fenner_Brockway;Fenner Brockway;1888
http://dbpedia.org/resource/Stephen_Galatti;Stephen Galatti;1888
http://dbpedia.org/resource/Jean_Monnet;Jean Monnet;1888
http://dbpedia.org/resource/Sarvepalli_Radhakrishnan;Sarvepalli Radhakrishnan;1888
http://dbpedia.org/resource/Elsa_BrÑndstrîm;Elsa BrÑndstrîm;1888
http://dbpedia.org/resource/Kaoru_Hatoyama;Kaoru Hatoyama;1888
http://dbpedia.org/resource/John_Foster_Dulles;John Foster Dulles;1888
http://dbpedia.org/resource/Carl_von_Ossietzky;Carl von Ossietzky;1889
http://dbpedia.org/resource/Adolf_Hitler;Adolf Hitler;1889
http://dbpedia.org/resource/Jawaharlal_Nehru;Jawaharlal Nehru;1889
http://dbpedia.org/resource/Philip_Noel-Baker;Philip Noel-Baker;1889
http://dbpedia.org/resource/Olave_Baden-Powell;Olave Baden-Powell;1889
http://dbpedia.org/resource/Boris_Gourevitch;Boris Gourevitch;1889
http://dbpedia.org/resource/Dwight_D._Eisenhower;Dwight D. Eisenhower;1890
http://dbpedia.org/resource/Gertrud_Baer;Gertrud Baer;1890
http://dbpedia.org/resource/Vyacheslav_Molotov;Vyacheslav Molotov;1890
http://dbpedia.org/resource/Beniamino_Bufano;Beniamino Bufano;1890
http://dbpedia.org/resource/Y._C._James_Yen;Y. C. James Yen;1890
http://dbpedia.org/resource/Quincy_Wright;Quincy Wright;1890
http://dbpedia.org/resource/Paul_G._Hoffman;Paul G. Hoffman;1891
http://dbpedia.org/resource/Heinrich_GrÅber;Heinrich GrÅber;1891
http://dbpedia.org/resource/Rafael_Trujillo;Rafael Trujillo;1891
http://dbpedia.org/resource/Josip_Broz_Tito;Josip Broz Tito;1892
http://dbpedia.org/resource/Robert_H._Jackson;Robert H. Jackson;1892
http://dbpedia.org/resource/Martin_Niemîller;Martin Niemîller;1892
http://dbpedia.org/resource/Basil_O'Connor;Basil O'Connor;1892
http://dbpedia.org/resource/Louise_Weiss;Louise Weiss;1893
http://dbpedia.org/resource/Jules_Moch;Jules Moch;1893
http://dbpedia.org/resource/H._V._Evatt;H. V. Evatt;1894
http://dbpedia.org/resource/Oswaldo_Aranha;Oswaldo Aranha;1894
http://dbpedia.org/resource/Richard_von_Coudenhove-Kalergi;Richard von Coudenhove-Kalergi;1894
http://dbpedia.org/resource/John_S._Knight;John S. Knight;1894
http://dbpedia.org/resource/Buckminster_Fuller;Buckminster Fuller;1895
http://dbpedia.org/resource/Eugen_Relgis;Eugen Relgis;1895
http://dbpedia.org/resource/Juan_Per¢n;Juan Per¢n;1895
http://dbpedia.org/resource/Ragnar_Frisch;Ragnar Frisch;1895
http://dbpedia.org/resource/Vinoba_Bhave;Vinoba Bhave;1895
http://dbpedia.org/resource/Andreo_Cseh;Andreo Cseh;1895
http://dbpedia.org/resource/Clarence_Streit;Clarence Streit;1896
http://dbpedia.org/resource/James_Warburg;James Warburg;1896
http://dbpedia.org/resource/Brock_Chisholm;Brock Chisholm;1896
http://dbpedia.org/resource/Trygve_Lie;Trygve Lie;1896
http://dbpedia.org/resource/Nobusuke_Kishi;Nobusuke Kishi;1896
http://dbpedia.org/resource/William_Chapman_Foster;William Chapman Foster;1897
http://dbpedia.org/resource/Einar_Gerhardsen;Einar Gerhardsen;1897
http://dbpedia.org/resource/Charles_K._Bliss;Charles K. Bliss;1897
http://dbpedia.org/resource/Pope_Paul_VI;Pope Paul VI;1897
http://dbpedia.org/resource/Anthony_Eden;Anthony Eden;1897
http://dbpedia.org/resource/Drew_Pearson_(journalist);Drew Pearson (journalist);1897
http://dbpedia.org/resource/Erich_Maria_Remarque;Erich Maria Remarque;1898
http://dbpedia.org/resource/William_O._Douglas;William O. Douglas;1898
http://dbpedia.org/resource/Eugene_R._Black_Sr.;Eugene R. Black Sr.;1898
http://dbpedia.org/resource/Gunnar_Myrdal;Gunnar Myrdal;1898
http://dbpedia.org/resource/Jan_Anton°n_Ba?a;Jan Anton°n Ba?a;1898
http://dbpedia.org/resource/Carlos_P._Romulo;Carlos P. Romulo;1899
http://dbpedia.org/resource/Friedrich_Hayek;Friedrich Hayek;1899
http://dbpedia.org/resource/Robert_Maynard_Hutchins;Robert Maynard Hutchins;1899
http://dbpedia.org/resource/Paul-Henri_Spaak;Paul-Henri Spaak;1899
http://dbpedia.org/resource/David_E._Lilienthal;David E. Lilienthal;1899
http://dbpedia.org/resource/Wayne_Morse;Wayne Morse;1900
http://dbpedia.org/resource/Joseph_Needham;Joseph Needham;1900
http://dbpedia.org/resource/Urho_Kekkonen;Urho Kekkonen;1900
http://dbpedia.org/resource/Raphael_Lemkin;Raphael Lemkin;1900
http://dbpedia.org/resource/Mohammad_Hejazi_(author);Mohammad Hejazi (author);1900
http://dbpedia.org/resource/Adlai_Stevenson_II;Adlai Stevenson II;1900
http://dbpedia.org/resource/Miguel_Alem†n_ValdÇs;Miguel Alem†n ValdÇs;1900
http://dbpedia.org/resource/Linus_Pauling;Linus Pauling;1901
http://dbpedia.org/resource/Stefan_Wyszy?ski;Stefan Wyszy?ski;1901
http://dbpedia.org/resource/Andrew_W._Cordier;Andrew W. Cordier;1901
http://dbpedia.org/resource/Howard_A._Rusk;Howard A. Rusk;1901
http://dbpedia.org/resource/Tage_Erlander;Tage Erlander;1901
http://dbpedia.org/resource/Frans_Hemerijckx;Frans Hemerijckx;1902
http://dbpedia.org/resource/Hartley_Shawcross;Hartley Shawcross;1902
http://dbpedia.org/resource/Halvard_Lange;Halvard Lange;1902
http://dbpedia.org/resource/Jayaprakash_Narayan;Jayaprakash Narayan;1902
http://dbpedia.org/resource/Alva_Myrdal;Alva Myrdal;1902
http://dbpedia.org/resource/Herman_B_Wells;Herman B Wells;1902
http://dbpedia.org/resource/Charles_Henry_Alexandrowicz;Charles Henry Alexandrowicz;1902
http://dbpedia.org/resource/Habib_Bourguiba;Habib Bourguiba;1903
http://dbpedia.org/resource/Michail_Stasinopoulos;Michail Stasinopoulos;1903
http://dbpedia.org/resource/Jan_Tinbergen;Jan Tinbergen;1903
http://dbpedia.org/resource/Ralph_Bunche;Ralph Bunche;1904
http://dbpedia.org/resource/Emery_Reves;Emery Reves;1904
http://dbpedia.org/resource/Giorgio_La_Pira;Giorgio La Pira;1904
http://dbpedia.org/resource/Dag_Hammarskjîld;Dag Hammarskjîld;1905
http://dbpedia.org/resource/J._William_Fulbright;J. William Fulbright;1905
http://dbpedia.org/resource/Alberto_Lleras_Camargo;Alberto Lleras Camargo;1906
http://dbpedia.org/resource/LÇopold_SÇdar_Senghor;LÇopold SÇdar Senghor;1906
http://dbpedia.org/resource/Eugene_Carson_Blake;Eugene Carson Blake;1906
http://dbpedia.org/resource/John_D._Rockefeller_III;John D. Rockefeller III;1906
http://dbpedia.org/resource/Galo_Plaza;Galo Plaza;1906
http://dbpedia.org/resource/Franáois_Duvalier;Franáois Duvalier;1907
http://dbpedia.org/resource/Hideki_Yukawa;Hideki Yukawa;1907
http://dbpedia.org/resource/I._F._Stone;I. F. Stone;1907
http://dbpedia.org/resource/Pierre_Mendäs_France;Pierre Mendäs France;1907
http://dbpedia.org/resource/Lyndon_B._Johnson;Lyndon B. Johnson;1908
http://dbpedia.org/resource/JosuÇ_de_Castro;JosuÇ de Castro;1908
http://dbpedia.org/resource/Maurizio_Valenzi;Maurizio Valenzi;1909
http://dbpedia.org/resource/HÇlder_CÉmara;HÇlder CÉmara;1909
http://dbpedia.org/resource/U_Thant;U Thant;1909
http://dbpedia.org/resource/Adolfo_L¢pez_Mateos;Adolfo L¢pez Mateos;1909
http://dbpedia.org/resource/Adam_Rapacki;Adam Rapacki;1909
http://dbpedia.org/resource/Lotta_Hitschmanova;Lotta Hitschmanova;1909
http://dbpedia.org/resource/Dominique_Pire;Dominique Pire;1910
http://dbpedia.org/resource/Arne_Geijer;Arne Geijer;1910
http://dbpedia.org/resource/Danny_Kaye;Danny Kaye;1911
http://dbpedia.org/resource/Alfonso_Garc°a_Robles;Alfonso Garc°a Robles;1911
http://dbpedia.org/resource/AbbÇ_Pierre;AbbÇ Pierre;1912
http://dbpedia.org/resource/Raoul_Wallenberg;Raoul Wallenberg;1912
http://dbpedia.org/resource/Raphael_Armattoe;Raphael Armattoe;1913
http://dbpedia.org/resource/Eric_Wyndham_White;Eric Wyndham White;1913
http://dbpedia.org/resource/Louis_B._Sohn;Louis B. Sohn;1914
http://dbpedia.org/resource/Norman_Borlaug;Norman Borlaug;1914
http://dbpedia.org/resource/Sargent_Shriver;Sargent Shriver;1915
http://dbpedia.org/resource/Norman_Cousins;Norman Cousins;1915
http://dbpedia.org/resource/Bob_Cotton;Bob Cotton;1915
http://dbpedia.org/resource/John_F._Kennedy;John F. Kennedy;1917
http://dbpedia.org/resource/Eva_Per¢n;Eva Per¢n;1919
http://dbpedia.org/resource/Hermann_Gmeiner;Hermann Gmeiner;1919
http://dbpedia.org/resource/Vicená_Ferrer_Moncho;Vicená Ferrer Moncho;1920
http://dbpedia.org/resource/William_B._Walsh;William B. Walsh;1920
http://dbpedia.org/resource/Alexander_Dub?ek;Alexander Dub?ek;1921
http://dbpedia.org/resource/Herbert_York;Herbert York;1921
http://dbpedia.org/resource/Doug_Everingham;Doug Everingham;1923
http://dbpedia.org/resource/Danilo_Dolci;Danilo Dolci;1924
http://dbpedia.org/resource/Sue_Ryder;Sue Ryder;1924
http://dbpedia.org/resource/Th°ch_Nh?t_H?nh;Th°ch Nh?t H?nh;1926
http://dbpedia.org/resource/Cesar_Chavez;Cesar Chavez;1927
http://dbpedia.org/resource/Noam_Chomsky;Noam Chomsky;1928
http://dbpedia.org/resource/Elie_Wiesel;Elie Wiesel;1928
http://dbpedia.org/resource/Martin_Luther_King_Jr.;Martin Luther King Jr.;1929
